{"datum":"2018 06","merleg":-64847,"merlegAvr":-26598,"megtakaritas":-165600,"megtakaritasAvr":-115519.28571428571,"kpAllomany":19046,"kpAllomanyAvr":56139.142857142855,"bevetel":586300,"bevetelAvr":548928.2857142857,"kiadas":-651147,"kiadasAvr":-575526.2857142857,"bankKoltseg":-1030,"bankKoltsegAvr":-1081.4285714285713,"befektetesek":-85000,"befektetesekAvr":-85327.57142857143,"lakasElotak":-80600,"lakasElotakAvr":-80634.57142857143,"lakas":-2397,"lakasAvr":-1007.7142857142857,"csalad":-130000,"csaladAvr":-132035.7142857143,"egeszseg":-13990,"egeszsegAvr":-6289.285714285715,"szorakozas":-13000,"szorakozasAvr":-4585.571428571428,"etkezes":-45000,"etkezesAvr":-40529.142857142855,"ado":-50000,"adoAvr":-63084.71428571428,"keszpenz":-13000,"keszpenzAvr":-19428.571428571428,"trade":-6427,"tradeAvr":-41672,"ajandek":0,"ajandekAvr":-1191.7142857142858,"kozlekedes":-35000,"kozlekedesAvr":-10000,"internet":-140706,"internetAvr":-45762.42857142857,"ruhazkodas":-34997,"ruhazkodasAvr":-14284.857142857143,"onkepzes":0,"onkepzesAvr":-1739.5714285714287,"onmegvalositas":0,"onmegvalositasAvr":0}