{
    "datum": "",
    "merleg": 0,
    "merlegAvr": -9415.333333333334,
    "megtakaritas": 0,
    "megtakaritasAvr": -79572.5,
    "kpAllomany": 0,
    "kpAllomanyAvr": 59147,
    "bevetel": 0,
    "bevetelAvr": 444983,
    "kiadas": 0,
    "kiadasAvr": -454398.3333333333,
    "bankKoltseg": 0,
    "bankKoltsegAvr": -918.3333333333334,
    "befektetesek": 0,
    "befektetesekAvr": -71215.5,
    "lakasElotak": 0,
    "lakasElotakAvr": -67207,
    "lakas": 0,
    "lakasAvr": -376.6666666666667,
    "csalad": 0,
    "csaladAvr": -110708.33333333333,
    "egeszseg": 0,
    "egeszsegAvr": -2674.1666666666665,
    "szorakozas": 0,
    "szorakozasAvr": -1016.5,
    "etkezes": 0,
    "etkezesAvr": -32284,
    "ado": 0,
    "adoAvr": -56932.166666666664,
    "keszpenz": 0,
    "keszpenzAvr": -18333.333333333332,
    "trade": 0,
    "tradeAvr": -46475,
    "ajandek": 0,
    "ajandekAvr": -1390.3333333333333,
    "kozlekedes": 0,
    "kozlekedesAvr": 0,
    "internet": 0,
    "internetAvr": -6487.5,
    "ruhazkodas": 0,
    "ruhazkodasAvr": -5000,
    "onkepzes": 0,
    "onkepzesAvr": -2029.5,
    "onmegvalositas": 0,
    "onmegvalositasAvr": 0
}